-- 创建用户

insert into F_UNITINFO
(UNIT_CODE, PARENT_UNIT, UNIT_TYPE, IS_VALID, UNIT_TAG,
UNIT_NAME, ENGLISH_NAME, DEP_NO, UNIT_DESC,
UNIT_SHORT_NAME, UNIT_WORD, UNIT_GRADE, UNIT_ORDER, UPDATE_DATE,
CREATE_DATE, CREATOR, UPDATOR, UNIT_PATH,TOP_UNIT,UNIT_MANAGER)
values
('U00001', null, 'N', 'T', null,
'根机构', 'root', null, '根机构',
'root', 'root', null, 1, NOW(),
NOW(),  'u0000000', 'u0000000', '/U00001','all','u0000000');

insert into F_USERINFO (USER_CODE, USER_PIN, IS_VALID, LOGIN_NAME, USER_NAME, USER_DESC, LOGIN_TIMES, ACTIVE_TIME, TOP_UNIT, REG_EMAIL, USER_ORDER, USER_PWD, REG_CELL_PHONE, CREATE_DATE,CREATOR,UPDATOR,UPDATE_DATE)
values ('noname', '67b74fe1423796dfe8db34b959b81fbd', 'F', 'noname', '匿名用户', '匿名用户', null, null, null, 'noname@centit.com', 1, '', '', to_date('12-12-2014 16:05:46','mm-dd-yyyy'),'u0000000','u0000000',now());
insert into F_USERINFO (USER_CODE, USER_PIN, IS_VALID, LOGIN_NAME, USER_NAME, USER_DESC, LOGIN_TIMES, ACTIVE_TIME, TOP_UNIT, REG_EMAIL, USER_ORDER, USER_PWD, REG_CELL_PHONE, CREATE_DATE ,CREATOR,UPDATOR,UPDATE_DATE,primary_Unit)
values ('u0000000', '$2a$11$DbyFNhHeCES5CKoMuM5sXepY7GM35sZkUSqQbjYJnFTzJ2GDIYGLK', 'T', 'admin', '管理员', '', null, null, 'all', 'codefan@centit.com', 1, '', '18017458877', to_date('12-12-2014 16:05:46','mm-dd-yyyy'),'u0000000','u0000000',now(),'U00001');

INSERT INTO F_USERUNIT(USER_UNIT_ID, UNIT_CODE, USER_CODE, REL_TYPE, User_Station, User_Rank, Rank_Memo, User_Order,TOP_UNIT,
update_Date, Create_Date) VALUES ('s000000000','U00001','u0000000','T','pf','CZ',null,'1','all','2014-12-12','2014-12-12');

-- 初始化数据字典
INSERT INTO f_datacatalog (catalog_code, catalog_name, catalog_style, catalog_type, catalog_desc, field_desc, update_date, create_date, opt_id, need_cache, creator, updator) VALUES ('CatalogStyle', '字典类型', 'F', 'L', 'F : 框架固有的 U:用户 S：系统', '{\"dataCode\":{\"value\":\"类型编码\",\"isUse\":\"T\"},\"dataValue\":{\"value\":\"类型说明\",\"isUse\":\"T\"},\"extraCode\":{\"value\":\"扩展编码\",\"isUse\":\"F\"},\"extraCode2\":{\"value\":\"扩展编码2\",\"isUse\":\"F\"},\"dataTag\":{\"value\":\"数据标记\",\"isUse\":\"F\"},\"dataDesc\":{\"value\":\"数据描述\",\"isUse\":\"T\"}}', '2017-12-04 14:12:30', '2016-04-07 00:00:00', 'DICTSET_M', '1', 'u0000000', 'u0000000');
INSERT INTO f_datacatalog (catalog_code, catalog_name, catalog_style, catalog_type, catalog_desc, field_desc, update_date, create_date, opt_id, need_cache, creator, updator) VALUES ('CatalogType', '字典结构', 'F', 'L', 'L:列表T:树形 测试修改', '{\"dataCode\":{\"value\":\"结构编码\",\"isUse\":\"T\"},\"dataValue\":{\"value\":\"结构名称\",\"isUse\":\"T\"},\"extraCode\":{\"value\":\"扩展编码\",\"isUse\":\"F\"},\"extraCode2\":{\"value\":\"排序\",\"isUse\":\"F\"},\"dataTag\":{\"value\":\"数据标记\",\"isUse\":\"F\"},\"dataDesc\":{\"value\":\"数据描述\",\"isUse\":\"T\"}}', '2017-12-04 14:20:07', '2016-04-07 00:00:00', 'DICTSET_M', '1', 'u0000000', 'u0000000');
INSERT INTO f_datacatalog (catalog_code, catalog_name, catalog_style, catalog_type, catalog_desc, field_desc, update_date, create_date, opt_id, need_cache, creator, updator) VALUES ('FlowUserRole', '工作流流程角色', 'S', 'L', '', '{\"dataCode\":{\"value\":\"角色编码\",\"isUse\":\"T\"},\"dataValue\":{\"value\":\"角色名称\",\"isUse\":\"T\"},\"extraCode\":{\"value\":\"扩展编码\",\"isUse\":\"F\"},\"extraCode2\":{\"value\":\"扩展编码2\",\"isUse\":\"F\"},\"dataTag\":{\"value\":\"数据标记\",\"isUse\":\"F\"},\"dataDesc\":{\"value\":\"数据描述\",\"isUse\":\"T\"}}', '2017-12-04 14:58:50', null, 'SYS_CONFIG', '1', null, null);
INSERT INTO f_datacatalog (catalog_code, catalog_name, catalog_style, catalog_type, catalog_desc, field_desc, update_date, create_date, opt_id, need_cache, creator, updator) VALUES ('LogLevel', '日志类型', 'F', 'L', '日志类型', '{\"dataCode\":{\"value\":\"类型编码\",\"isUse\":\"T\"},\"dataValue\":{\"value\":\"类型名称\",\"isUse\":\"T\"},\"extraCode\":{\"value\":\"扩展编码\",\"isUse\":\"F\"},\"extraCode2\":{\"value\":\"扩展编码2\",\"isUse\":\"F\"},\"dataTag\":{\"value\":\"数据标记\",\"isUse\":\"F\"},\"dataDesc\":{\"value\":\"数据描述\",\"isUse\":\"T\"}}', '2017-12-02 17:12:44', '2016-04-07 00:00:00', 'OPT_LOG_QUERY', '1', 'u0000000', 'u0000000');
INSERT INTO f_datacatalog (catalog_code, catalog_name, catalog_style, catalog_type, catalog_desc, field_desc, update_date, create_date, opt_id, need_cache, creator, updator) VALUES ('MsgType', '消息类型', 'F', 'L', '测试测试', '{\"dataCode\":{\"value\":\"类型编码\",\"isUse\":\"T\"},\"dataValue\":{\"value\":\"类型名称\",\"isUse\":\"T\"},\"extraCode\":{\"value\":\"扩展编码\",\"isUse\":\"F\"},\"extraCode2\":{\"value\":\"扩展编码2\",\"isUse\":\"F\"},\"dataTag\":{\"value\":\"数据标记\",\"isUse\":\"F\"},\"dataDesc\":{\"value\":\"数据描述\",\"isUse\":\"T\"}}', '2017-12-02 17:13:04', '2016-04-07 00:00:00', 'USER_SETTING', '1', 'u0000000', 'u0000000');
INSERT INTO f_datacatalog (catalog_code, catalog_name, catalog_style, catalog_type, catalog_desc, field_desc, update_date, create_date, opt_id, need_cache, creator, updator) VALUES ('OptType', '业务类别', 'F', 'L', '业务类别', '{\"dataCode\":{\"value\":\"类别编码\",\"isUse\":\"T\"},\"dataValue\":{\"value\":\"类别名称\",\"isUse\":\"T\"},\"extraCode\":{\"value\":\"扩展编码\",\"isUse\":\"F\"},\"extraCode2\":{\"value\":\"排序\",\"isUse\":\"F\"},\"dataTag\":{\"value\":\"数据标记\",\"isUse\":\"F\"},\"dataDesc\":{\"value\":\"数据描述\",\"isUse\":\"T\"}}', '2017-12-02 17:14:04', '2016-04-07 00:00:00', 'SYSCONF', '1', 'u0000000', 'u0000000');
INSERT INTO f_datacatalog (catalog_code, catalog_name, catalog_style, catalog_type, catalog_desc, field_desc, update_date, create_date, opt_id, need_cache, creator, updator) VALUES ('RankType', '行政职务类别', 'S', 'L', '业务职务类别，类别代码长度为2。数值越低等级越高', '{\"dataCode\":{\"value\":\"职务代码\",\"isUse\":\"T\"},\"dataValue\":{\"value\":\"职务名称\",\"isUse\":\"T\"},\"extraCode\":{\"value\":\"等级\",\"isUse\":\"T\"},\"extraCode2\":{\"value\":\"关联角色\",\"isUse\":\"T\"},\"dataTag\":{\"value\":\"数据标记\",\"isUse\":\"F\"},\"dataDesc\":{\"value\":\"数据描述\",\"isUse\":\"T\"}}', '2017-12-04 12:17:28', null, 'SYS_CONFIG', '0', 'u0000000', 'u0000000');
INSERT INTO f_datacatalog (catalog_code, catalog_name, catalog_style, catalog_type, catalog_desc, field_desc, update_date, create_date, opt_id, need_cache, creator, updator) VALUES ('StationType', '岗位角色', 'S', 'L', '业务岗位类别，类别代码长度为4', '{\"dataCode\":{\"value\":\"岗位编码\",\"isUse\":\"T\"},\"dataValue\":{\"value\":\"岗位名称\",\"isUse\":\"T\"},\"extraCode\":{\"value\":\"扩展编码\",\"isUse\":\"F\"},\"extraCode2\":{\"value\":\"关联角色\",\"isUse\":\"T\"},\"dataTag\":{\"value\":\"数据标记\",\"isUse\":\"F\"},\"dataDesc\":{\"value\":\"数据描述\",\"isUse\":\"T\"}}', '2017-12-04 14:59:21', '2016-04-07 00:00:00', 'USERUNIT', '0', 'u0000000', 'u0000000');
INSERT INTO f_datacatalog (catalog_code, catalog_name, catalog_style, catalog_type, catalog_desc, field_desc, update_date, create_date, opt_id, need_cache, creator, updator) VALUES ('SUPPORT_LANG', '系统支持的语言', 'S', 'L', '系统支持的语言,需要在system.properties中把参数sys.multi_lang设置为true才会生效', null, '2016-01-28 20:33:23', null, 'DICTSET', '1', 'u0000000', 'u0000000');
INSERT INTO f_datacatalog (catalog_code, catalog_name, catalog_style, catalog_type, catalog_desc, field_desc, update_date, create_date, opt_id, need_cache, creator, updator) VALUES ('UnitType', '机构类别', 'S', 'L', '', '{\"dataCode\":{\"value\":\"类别编码\",\"isUse\":\"T\"},\"dataValue\":{\"value\":\"类别名称\",\"isUse\":\"T\"},\"extraCode\":{\"value\":\"扩展编码\",\"isUse\":\"F\"},\"extraCode2\":{\"value\":\"排序\",\"isUse\":\"F\"},\"dataTag\":{\"value\":\"数据标记\",\"isUse\":\"F\"},\"dataDesc\":{\"value\":\"数据描述\",\"isUse\":\"T\"}}', '2017-12-04 16:23:48', null, 'ORGMAG', '1', null, null);
INSERT INTO f_datacatalog (catalog_code, catalog_name, catalog_style, catalog_type, catalog_desc, field_desc, update_date, create_date, opt_id, need_cache, creator, updator) VALUES ('userSettingKey', '用户设置参数', 'S', 'L', '用户可以设置的参数', '{\"dataCode\":{\"value\":\"参数编码\",\"isUse\":\"T\"},\"dataValue\":{\"value\":\"参数名称\",\"isUse\":\"T\"},\"extraCode\":{\"value\":\"扩展编码\",\"isUse\":\"F\"},\"extraCode2\":{\"value\":\"排序\",\"isUse\":\"F\"},\"dataTag\":{\"value\":\"数据标记\",\"isUse\":\"F\"},\"dataDesc\":{\"value\":\"参数填写说明\",\"isUse\":\"T\"}}', '2017-12-02 17:15:27', '2016-04-07 00:00:00', 'DICTSET_M', '1', 'u0000000', 'u0000000');
INSERT INTO f_datacatalog (catalog_code, catalog_name, catalog_style, catalog_type, catalog_desc, field_desc, update_date, create_date, opt_id, need_cache, creator, updator) VALUES ('YesOrNo', '是否', 'F', 'L', '', '{\"dataCode\":{\"value\":\"编码\",\"isUse\":\"T\"},\"dataValue\":{\"value\":\"数值\",\"isUse\":\"T\"},\"extraCode\":{\"value\":\"扩展编码\",\"isUse\":\"F\"},\"extraCode2\":{\"value\":\"排序\",\"isUse\":\"F\"},\"dataTag\":{\"value\":\"数据标记\",\"isUse\":\"F\"},\"dataDesc\":{\"value\":\"数据描述\",\"isUse\":\"T\"}}', '2017-12-02 17:14:57', '2016-04-07 00:00:00', 'SYS_CONFIG', '1', 'u0000000', 'u0000000');
INSERT INTO f_datacatalog (CATALOG_CODE, CATALOG_NAME, CATALOG_STYLE, CATALOG_TYPE, CATALOG_DESC, Field_Desc, update_Date, Create_Date, opt_ID, need_Cache, creator, updator) VALUES ('RoleType', '角色类别', 'F', 'L', '', '{\"dataCode\":{\"value\":\"编码\",\"isUse\":\"T\"},\"dataValue\":{\"value\":\"角色名称\",\"isUse\":\"T\"},\"extraCode\":{\"value\":\"扩展编码\",\"isUse\":\"F\"},\"extraCode2\":{\"value\":\"扩展编码2\",\"isUse\":\"F\"},\"dataTag\":{\"value\":\"数据标记\",\"isUse\":\"F\"},\"dataDesc\":{\"value\":\"数据描述\",\"isUse\":\"T\"}}', '2018-12-28 18:10:35', NULL, 'PLATFORM', '1', NULL, NULL);


INSERT INTO f_datadictionary (catalog_code, data_code, extra_code, extra_code2, data_tag, data_value, data_style, data_desc, last_modify_date, create_date, data_order) VALUES ('CatalogStyle', 'F', null, null, 'T', '框架固有', 'F', '任何地方都不允许编辑，只能有开发人员给出更新脚本添加、更改和删除', null, null, '0');
INSERT INTO f_datadictionary (catalog_code, data_code, extra_code, extra_code2, data_tag, data_value, data_style, data_desc, last_modify_date, create_date, data_order) VALUES ('CatalogStyle', 'G', null, null, 'T', '国标', 'F', '这个暂时不考虑可以在字典类别中进行描述', null, null, '1');
INSERT INTO f_datadictionary (catalog_code, data_code, extra_code, extra_code2, data_tag, data_value, data_style, data_desc, last_modify_date, create_date, data_order) VALUES ('CatalogStyle', 'S', null, null, 'T', '系统参数', 'F', '实施人员可以在实施入口对数据字典的类别和字典条目进行CRUD操作', null, null, '2');
INSERT INTO f_datadictionary (catalog_code, data_code, extra_code, extra_code2, data_tag, data_value, data_style, data_desc, last_modify_date, create_date, data_order) VALUES ('CatalogStyle', 'U', null, null, 'T', '用户参数', 'F', '管理员入口 和 实施人员入口 都 对这类别字典类别和条目进行CRUD', null, null, '3');
INSERT INTO f_datadictionary (catalog_code, data_code, extra_code, extra_code2, data_tag, data_value, data_style, data_desc, last_modify_date, create_date, data_order) VALUES ('CatalogType', 'L', null, null, 'T', '列表', 'F', '列表', '2015-12-01 11:41:23', null, '0');
INSERT INTO f_datadictionary (catalog_code, data_code, extra_code, extra_code2, data_tag, data_value, data_style, data_desc, last_modify_date, create_date, data_order) VALUES ('CatalogType', 'T', null, null, 'T', '树形', 'F', '树形', '2015-12-01 11:41:23', null, '1');
INSERT INTO f_datadictionary (catalog_code, data_code, extra_code, extra_code2, data_tag, data_value, data_style, data_desc, last_modify_date, create_date, data_order) VALUES ('FlowUserRole', 'auditor', null, '03', 'T', '审核人', 'U', '流程业务的审核人', null, null, '2');
INSERT INTO f_datadictionary (catalog_code, data_code, extra_code, extra_code2, data_tag, data_value, data_style, data_desc, last_modify_date, create_date, data_order) VALUES ('FlowUserRole', 'operator', null, '02', 'T', '经办人', 'U', '流程业务的经办人', null, null, '1');
INSERT INTO f_datadictionary (catalog_code, data_code, extra_code, extra_code2, data_tag, data_value, data_style, data_desc, last_modify_date, create_date, data_order) VALUES ('FlowUserRole', 'request', null, '01', 'T', '申请人', 'U', '流程业务的申请人', null, null, '0');
INSERT INTO f_datadictionary (catalog_code, data_code, extra_code, extra_code2, data_tag, data_value, data_style, data_desc, last_modify_date, create_date, data_order) VALUES ('LogLevel', '0', null, null, 'T', '操作日志', 'F', null, '2016-04-07 00:00:00', '2016-04-07 00:00:00', '0');
INSERT INTO f_datadictionary (catalog_code, data_code, extra_code, extra_code2, data_tag, data_value, data_style, data_desc, last_modify_date, create_date, data_order) VALUES ('LogLevel', '1', null, null, 'T', '错误提示', 'F', null, '2016-04-07 00:00:00', '2016-04-07 00:00:00', '1');
INSERT INTO f_datadictionary (catalog_code, data_code, extra_code, extra_code2, data_tag, data_value, data_style, data_desc, last_modify_date, create_date, data_order) VALUES ('MsgType', 'A', null, null, 'T', '公告', 'F', '给部门群发的消息', '2016-02-25 17:55:21', null, '0');
INSERT INTO f_datadictionary (catalog_code, data_code, extra_code, extra_code2, data_tag, data_value, data_style, data_desc, last_modify_date, create_date, data_order) VALUES ('MsgType', 'P', null, null, 'T', '个人消息', 'F', null, '2016-02-25 17:55:21', null, '1');
INSERT INTO f_datadictionary (catalog_code, data_code, extra_code, extra_code2, data_tag, data_value, data_style, data_desc, last_modify_date, create_date, data_order) VALUES ('OptType', 'I', null, null, 'T', '项目业务', 'F', '项目业务', '2015-04-01 01:00:00', '2015-04-01 01:00:00', '2');
INSERT INTO f_datadictionary (catalog_code, data_code, extra_code, extra_code2, data_tag, data_value, data_style, data_desc, last_modify_date, create_date, data_order) VALUES ('OptType', 'O', null, null, 'T', '普通业务', 'F', '普通业务', '2015-04-01 01:00:00', '2015-04-01 01:00:00', '0');
INSERT INTO f_datadictionary (catalog_code, data_code, extra_code, extra_code2, data_tag, data_value, data_style, data_desc, last_modify_date, create_date, data_order) VALUES ('OptType', 'S', null, null, 'T', '实施业务', 'F', '实施业务', '2015-04-01 01:00:00', '2015-04-01 01:00:00', '1');
INSERT INTO f_datadictionary (catalog_code, data_code, extra_code, extra_code2, data_tag, data_value, data_style, data_desc, last_modify_date, create_date, data_order) VALUES ('OptType', 'W', null, null, 'T', '工作流业务', 'F', '工作流业务', '2015-04-01 01:00:00', '2015-04-01 01:00:00', '3');
INSERT INTO f_datadictionary (catalog_code, data_code, extra_code, extra_code2, data_tag, data_value, data_style, data_desc, last_modify_date, create_date, data_order) VALUES ('RankType', 'CM', '1', '', 'T', '董事长', 'S', '', null, null, '1');
INSERT INTO f_datadictionary (catalog_code, data_code, extra_code, extra_code2, data_tag, data_value, data_style, data_desc, last_modify_date, create_date, data_order) VALUES ('RankType', 'DM', '5', '', 'T', '部门经理', 'S', '', null, null, '5');
INSERT INTO f_datadictionary (catalog_code, data_code, extra_code, extra_code2, data_tag, data_value, data_style, data_desc, last_modify_date, create_date, data_order) VALUES ('RankType', 'GM', '2', '', 'T', '总经理', 'S', '', null, null, '2');
INSERT INTO f_datadictionary (catalog_code, data_code, extra_code, extra_code2, data_tag, data_value, data_style, data_desc, last_modify_date, create_date, data_order) VALUES ('RankType', 'PM', '3', '', 'T', '副总经理', 'S', '', null, null, '3');
INSERT INTO f_datadictionary (catalog_code, data_code, extra_code, extra_code2, data_tag, data_value, data_style, data_desc, last_modify_date, create_date, data_order) VALUES ('RankType', 'ST', '10', '', 'T', '员工', 'S', '', null, null, '10');
INSERT INTO f_datadictionary (catalog_code, data_code, extra_code, extra_code2, data_tag, data_value, data_style, data_desc, last_modify_date, create_date, data_order) VALUES ('StationType', 'info', null, '', 'T', '信息维护', 'S', '', null, null, '2');
INSERT INTO f_datadictionary (catalog_code, data_code, extra_code, extra_code2, data_tag, data_value, data_style, data_desc, last_modify_date, create_date, data_order) VALUES ('StationType', 'mang', null, '', 'T', '管理岗', 'S', '', null, null, '0');
INSERT INTO f_datadictionary (catalog_code, data_code, extra_code, extra_code2, data_tag, data_value, data_style, data_desc, last_modify_date, create_date, data_order) VALUES ('StationType', 'serv', null, '', 'T', '后勤', 'S', '', null, null, '3');
INSERT INTO f_datadictionary (catalog_code, data_code, extra_code, extra_code2, data_tag, data_value, data_style, data_desc, last_modify_date, create_date, data_order) VALUES ('StationType', 'tech', null, '', 'T', '技术岗', 'S', '', null, null, '1');
INSERT INTO f_datadictionary (catalog_code, data_code, extra_code, extra_code2, data_tag, data_value, data_style, data_desc, last_modify_date, create_date, data_order) VALUES ('SUPPORT_LANG', 'en_US', null, null, 'T', 'English', 'S', null, '2016-01-28 20:33:23', null, '0');
INSERT INTO f_datadictionary (catalog_code, data_code, extra_code, extra_code2, data_tag, data_value, data_style, data_desc, last_modify_date, create_date, data_order) VALUES ('SUPPORT_LANG', 'zh_CN', null, null, 'T', '中文', 'S', null, '2016-01-28 20:33:23', null, '1');
INSERT INTO f_datadictionary (catalog_code, data_code, extra_code, extra_code2, data_tag, data_value, data_style, data_desc, last_modify_date, create_date, data_order) VALUES ('UnitType', 'A', null, null, 'T', '一般机构', 'U', '', null, null, '1');
INSERT INTO f_datadictionary (catalog_code, data_code, extra_code, extra_code2, data_tag, data_value, data_style, data_desc, last_modify_date, create_date, data_order) VALUES ('UnitType', 'I', null, null, 'T', '项目组', 'U', '因为某个事务或者项目而建立的项目组', null, null, '2');
INSERT INTO f_datadictionary (catalog_code, data_code, extra_code, extra_code2, data_tag, data_value, data_style, data_desc, last_modify_date, create_date, data_order) VALUES ('UnitType', 'O', null, null, 'T', '业务机构', 'U', '根据业务创建的组织', null, null, '3');
INSERT INTO f_datadictionary (catalog_code, data_code, extra_code, extra_code2, data_tag, data_value, data_style, data_desc, last_modify_date, create_date, data_order) VALUES ('userSettingKey', 'LOCAL_LANG', null, null, 'T', '语言', 'S', '设置用户语言', null, null, null);
INSERT INTO f_datadictionary (catalog_code, data_code, extra_code, extra_code2, data_tag, data_value, data_style, data_desc, last_modify_date, create_date, data_order) VALUES ('userSettingKey', 'receiveways', null, null, 'T', '消息接收方式', 'S', '用户接收消息的方式，可以是多个用逗号隔开', null, null, null);
INSERT INTO f_datadictionary (catalog_code, data_code, extra_code, extra_code2, data_tag, data_value, data_style, data_desc, last_modify_date, create_date, data_order) VALUES ('YesOrNo', 'F', null, null, 'N', '否', 'F', '', null, null, '2');
INSERT INTO f_datadictionary (catalog_code, data_code, extra_code, extra_code2, data_tag, data_value, data_style, data_desc, last_modify_date, create_date, data_order) VALUES ('YesOrNo', 'T', null, null, 'N', '是', 'F', '', null, null, '1');

INSERT INTO f_datadictionary(CATALOG_CODE, DATA_CODE, EXTRA_CODE, EXTRA_CODE2, DATA_TAG, DATA_VALUE, DATA_STYLE, DATA_DESC, Last_Modify_Date, Create_Date, DATA_ORDER) VALUES ('RoleType', 'D', NULL, NULL, 'T', '部门角色', 'S', '', NULL, NULL, 4);
INSERT INTO f_datadictionary(CATALOG_CODE, DATA_CODE, EXTRA_CODE, EXTRA_CODE2, DATA_TAG, DATA_VALUE, DATA_STYLE, DATA_DESC, Last_Modify_Date, Create_Date, DATA_ORDER) VALUES ('RoleType', 'F', NULL, NULL, 'T', '系统内置角色', 'S', '系统内置角色，不能删改', NULL, NULL, 1);
INSERT INTO f_datadictionary(CATALOG_CODE, DATA_CODE, EXTRA_CODE, EXTRA_CODE2, DATA_TAG, DATA_VALUE, DATA_STYLE, DATA_DESC, Last_Modify_Date, Create_Date, DATA_ORDER) VALUES ('RoleType', 'G', NULL, NULL, 'T', '全局角色', 'S', '', NULL, NULL, 2);
INSERT INTO f_datadictionary(CATALOG_CODE, DATA_CODE, EXTRA_CODE, EXTRA_CODE2, DATA_TAG, DATA_VALUE, DATA_STYLE, DATA_DESC, Last_Modify_Date, Create_Date, DATA_ORDER) VALUES ('RoleType', 'H', NULL, NULL, 'T', '隐藏角色', 'S', '', NULL, NULL, 7);
INSERT INTO f_datadictionary(CATALOG_CODE, DATA_CODE, EXTRA_CODE, EXTRA_CODE2, DATA_TAG, DATA_VALUE, DATA_STYLE, DATA_DESC, Last_Modify_Date, Create_Date, DATA_ORDER) VALUES ('RoleType', 'I', NULL, NULL, 'T', '项目角色', 'S', '', NULL, NULL, 5);
INSERT INTO f_datadictionary(CATALOG_CODE, DATA_CODE, EXTRA_CODE, EXTRA_CODE2, DATA_TAG, DATA_VALUE, DATA_STYLE, DATA_DESC, Last_Modify_Date, Create_Date, DATA_ORDER) VALUES ('RoleType', 'P', NULL, NULL, 'T', '公共角色', 'S', '', NULL, NULL, 3);
INSERT INTO f_datadictionary(CATALOG_CODE, DATA_CODE, EXTRA_CODE, EXTRA_CODE2, DATA_TAG, DATA_VALUE, DATA_STYLE, DATA_DESC, Last_Modify_Date, Create_Date, DATA_ORDER) VALUES ('RoleType', 'W', NULL, NULL, 'T', '工作流角色', 'S', '', NULL, NULL, 6);
INSERT INTO f_optdatascope (opt_scope_code, opt_id, scope_name, filter_condition, scope_memo) VALUES ('117', 'USERMAG', '维护本部门用户', '[F_USERINFO.UNITCODE] = {currentStation.unitCode :currUnit}', '维护本部门数据库');
INSERT INTO f_optdatascope (opt_scope_code, opt_id, scope_name, filter_condition, scope_memo) VALUES ('118', 'USERMAG', '所有用户', 'all', '维护全部用户');

-- 初始化业务菜单
INSERT INTO f_optinfo (opt_id, opt_name, pre_opt_id, opt_route, opt_url, form_code, opt_type, msg_no, msg_prm, is_in_toolbar, img_index, top_opt_id, order_ind, flow_code, page_type, icon, height, width, update_date, create_date, creator, updator) VALUES ('DEPLOY', '实施菜单', '0', '...', '...', null, 'S', null, null, 'Y', null, null, null, null, 'D', 'icon-ok', null, null, '2014-12-15 14:10:08', '2014-12-15 14:10:08', 'u0000000', 'u0000000');
INSERT INTO f_optinfo (opt_id, opt_name, pre_opt_id, opt_route, opt_url, form_code, opt_type, msg_no, msg_prm, is_in_toolbar, img_index, top_opt_id, order_ind, flow_code, page_type, icon, height, width, update_date, create_date, creator, updator) VALUES ('DEPTMAG', '部门管理', '0', '13', '...', null, 'O', null, null, 'Y', null, null, null, null, 'I', 'icon-base icon-base-computer', null, null, '2016-01-12 17:04:01', null, 'u0000000', 'u0000000');
INSERT INTO f_optinfo (opt_id, opt_name, pre_opt_id, opt_route, opt_url, form_code, opt_type, msg_no, msg_prm, is_in_toolbar, img_index, top_opt_id, order_ind, flow_code, page_type, icon, height, width, update_date, create_date, creator, updator) VALUES ('DEPTPOW', '下属部门管理', 'DEPTMAG', 'modules/sys/deptpow/deptpow.html', '/system/deptManager', null, 'O', null, null, 'Y', null, null, '0', null, 'D', 'icon-base icon-base-user', null, null, '2016-01-12 17:10:45', null, 'u0000000', 'u0000000');
INSERT INTO f_optinfo (opt_id, opt_name, pre_opt_id, opt_route, opt_url, form_code, opt_type, msg_no, msg_prm, is_in_toolbar, img_index, top_opt_id, order_ind, flow_code, page_type, icon, height, width, update_date, create_date, creator, updator) VALUES ('DEPTROLE', '部门角色定义', 'DEPTMAG', 'modules/sys/deptrole/deptrole.html', '/system/roleinfo', null, 'O', null, null, 'Y', null, null, '0', null, 'D', 'icon-base icon-base-gear', null, null, '2016-01-12 17:10:41', null, 'u0000000', 'u0000000');
INSERT INTO f_optinfo (opt_id, opt_name, pre_opt_id, opt_route, opt_url, form_code, opt_type, msg_no, msg_prm, is_in_toolbar, img_index, top_opt_id, order_ind, flow_code, page_type, icon, height, width, update_date, create_date, creator, updator) VALUES ('DEPTUSERINFO', '部门用户管理', 'DEPTMAG', 'modules/sys/deptuserinfo/deptuserinfo.html', '/system/unitinfo', null, 'O', null, null, 'Y', null, null, null, null, 'D', null, null, null, '2016-01-12 17:11:02', null, 'u0000000', 'u0000000');
INSERT INTO f_optinfo (opt_id, opt_name, pre_opt_id, opt_route, opt_url, form_code, opt_type, msg_no, msg_prm, is_in_toolbar, img_index, top_opt_id, order_ind, flow_code, page_type, icon, height, width, update_date, create_date, creator, updator) VALUES ('DICTSET', '数据字典管理', 'DEPLOY', 'modules/sys/dictionary/dictionary.admin.html', '/system/dictionary', null, 'S', null, null, 'Y', null, null, '0', null, 'D', 'icon-base icon-base-gear', null, null, '2016-02-18 17:48:18', null, 'u0000000', 'u0000000');
INSERT INTO f_optinfo (opt_id, opt_name, pre_opt_id, opt_route, opt_url, form_code, opt_type, msg_no, msg_prm, is_in_toolbar, img_index, top_opt_id, order_ind, flow_code, page_type, icon, height, width, update_date, create_date, creator, updator) VALUES ('DICTSET_M', '数据字典', 'SYS_CONFIG', 'modules/sys/dictionary/dictionary.html', '/system/dictionary', null, 'O', null, null, 'Y', null, null, null, null, 'D', null, null, null, '2016-01-30 19:53:38', '2014-12-23 14:04:59', 'u0000000', 'u0000000');
INSERT INTO f_optinfo (opt_id, opt_name, pre_opt_id, opt_route, opt_url, form_code, opt_type, msg_no, msg_prm, is_in_toolbar, img_index, top_opt_id, order_ind, flow_code, page_type, icon, height, width, update_date, create_date, creator, updator) VALUES ('LOGINCAS', 'CAS登录入口', '0', '/system/mainframe/logincas', '/system/mainframe', null, 'O', null, null, 'N', null, null, null, null, 'D', '', null, null, '2016-04-07 15:06:08', null, 'u0000000', 'u0000000');

INSERT INTO f_optinfo (opt_id, opt_name, pre_opt_id, opt_route, opt_url, form_code, opt_type, msg_no, msg_prm, is_in_toolbar, img_index, top_opt_id, order_ind, flow_code, page_type, icon, height, width, update_date, create_date, creator, updator) VALUES ('OPTINFO', '系统业务', 'DEPLOY', 'modules/sys/optinfo/optinfo.html', '/system/optinfo', null, 'S', null, null, 'Y', null, null, '4', null, 'D', '', null, null, '2016-01-30 19:50:37', null, 'u0000000', 'u0000000');
INSERT INTO f_optinfo (opt_id, opt_name, pre_opt_id, opt_route, opt_url, form_code, opt_type, msg_no, msg_prm, is_in_toolbar, img_index, top_opt_id, order_ind, flow_code, page_type, icon, height, width, update_date, create_date, creator, updator) VALUES ('OPTLOG', '系统日志', 'DEPLOY', 'modules/sys/loginfo/loginfo.admin.html', '/system/optlog', null, 'S', null, null, 'Y', null, null, null, null, 'D', 'icon-ok', null, null, null, null, 'u0000000', 'u0000000');
INSERT INTO f_optinfo (opt_id, opt_name, pre_opt_id, opt_route, opt_url, form_code, opt_type, msg_no, msg_prm, is_in_toolbar, img_index, top_opt_id, order_ind, flow_code, page_type, icon, height, width, update_date, create_date, creator, updator) VALUES ('OPT_LOG_QUERY', '系统日志', 'SYS_CONFIG', 'modules/sys/loginfo/loginfo.html', '/system/optlog', null, 'O', null, null, 'Y', null, null, null, null, 'D', null, null, null, '2015-11-27 11:19:09', null, 'u0000000', 'u0000000');
INSERT INTO f_optinfo (opt_id, opt_name, pre_opt_id, opt_route, opt_url, form_code, opt_type, msg_no, msg_prm, is_in_toolbar, img_index, top_opt_id, order_ind, flow_code, page_type, icon, height, width, update_date, create_date, creator, updator) VALUES ('ORGMAG', '组织管理', '0', '...', '...', null, 'O', null, null, 'Y', null, null, '3', null, 'I', 'icon-base icon-base-user', null, null, '2016-01-31 15:55:53', null, 'u0000000', 'u0000000');

INSERT INTO f_optinfo (opt_id, opt_name, pre_opt_id, opt_route, opt_url, form_code, opt_type, msg_no, msg_prm, is_in_toolbar, img_index, top_opt_id, order_ind, flow_code, page_type, icon, height, width, update_date, create_date, creator, updator) VALUES ('ROLEMAG', '角色定义', 'DEPLOY', 'modules/sys/roleinfo/roleinfo.html', '/system/roleinfo', null, 'S', null, null, 'Y', null, null, null, null, 'D', '', null, null, null, null, 'u0000000', 'u0000000');
INSERT INTO f_optinfo (opt_id, opt_name, pre_opt_id, opt_route, opt_url, form_code, opt_type, msg_no, msg_prm, is_in_toolbar, img_index, top_opt_id, order_ind, flow_code, page_type, icon, height, width, update_date, create_date, creator, updator) VALUES ('SYS_CONFIG', '系统维护', '0', '...', '...', null, 'O', null, null, 'Y', null, null, null, null, 'D', 'icon-base icon-base-gear', null, null, null, null, 'u0000000', 'u0000000');
INSERT INTO f_optinfo (opt_id, opt_name, pre_opt_id, opt_route, opt_url, form_code, opt_type, msg_no, msg_prm, is_in_toolbar, img_index, top_opt_id, order_ind, flow_code, page_type, icon, height, width, update_date, create_date, creator, updator) VALUES ('UNITINFO', '机构维护', 'SYS_CONFIG', 'modules/sys/unitinfo/unitinfo.html', '/system/unitinfo', null, 'O', null, null, 'Y', null, null, null, null, 'D', '', null, null, null, null, null, null);
INSERT INTO f_optinfo (opt_id, opt_name, pre_opt_id, opt_route, opt_url, form_code, opt_type, msg_no, msg_prm, is_in_toolbar, img_index, top_opt_id, order_ind, flow_code, page_type, icon, height, width, update_date, create_date, creator, updator) VALUES ('UNITMAG', '机构管理', 'ORGMAG', 'modules/sys/unitinfo/unitinfo.html', '/system/unitinfo', null, 'O', null, null, 'N', null, null, '2', null, 'D', '', null, null, '2016-03-14 14:41:07', null, 'u0000000', 'u0000000');
INSERT INTO f_optinfo (opt_id, opt_name, pre_opt_id, opt_route, opt_url, form_code, opt_type, msg_no, msg_prm, is_in_toolbar, img_index, top_opt_id, order_ind, flow_code, page_type, icon, height, width, update_date, create_date, creator, updator) VALUES ('USERINFO', '用户管理', 'SYS_CONFIG', 'modules/sys/userinfo/userinfo.html', '/system/userinfo', null, 'O', null, null, 'Y', null, null, null, null, 'D', '', null, null, null, null, null, null);
INSERT INTO f_optinfo (opt_id, opt_name, pre_opt_id, opt_route, opt_url, form_code, opt_type, msg_no, msg_prm, is_in_toolbar, img_index, top_opt_id, order_ind, flow_code, page_type, icon, height, width, update_date, create_date, creator, updator) VALUES ('USERMAG', '用户管理', 'ORGMAG', 'modules/sys/userinfo/userinfo.html', '/system/userinfo', null, 'O', null, null, 'N', null, null, null, null, 'D', '', null, null, '2017-12-01 09:47:02', null, 'u0000000', 'u0000000');
INSERT INTO f_optinfo (opt_id, opt_name, pre_opt_id, opt_route, opt_url, form_code, opt_type, msg_no, msg_prm, is_in_toolbar, img_index, top_opt_id, order_ind, flow_code, page_type, icon, height, width, update_date, create_date, creator, updator) VALUES ('USERROLE', '用户角色', 'ORGMAG', '/modules/sys/userrole.html', '/system/userrole', null, 'O', null, null, 'N', null, null, null, null, 'D', null, null, null, null, null, 'u0000000', 'u0000000');
INSERT INTO f_optinfo (opt_id, opt_name, pre_opt_id, opt_route, opt_url, form_code, opt_type, msg_no, msg_prm, is_in_toolbar, img_index, top_opt_id, order_ind, flow_code, page_type, icon, height, width, update_date, create_date, creator, updator) VALUES ('USERUNIT', '用户机构', 'ORGMAG', '/modules/sys/userunit.html', '/system/userunit', null, 'O', null, null, 'N', null, null, null, null, 'D', null, null, null, null, null, 'u0000000', 'u0000000');


INSERT INTO f_optdef (opt_code, opt_id, opt_name, opt_method, opt_url, opt_desc, opt_order, is_in_workflow, update_date, create_date, opt_req, creator, updator) VALUES ('1', 'DEPLOY', '查看', 'list', '/*', '查看', null, 'F', '2017-10-26 13:56:11', '2017-10-26 13:56:11', 'R', 'u0000000', 'u0000000');
INSERT INTO f_optdef (opt_code, opt_id, opt_name, opt_method, opt_url, opt_desc, opt_order, is_in_workflow, update_date, create_date, opt_req, creator, updator) VALUES ('10', 'SYS_CONFIG', '查看', 'list', '/*', '查看', null, 'F', '2017-10-26 13:56:11', '2017-10-26 13:56:11', 'R', 'u0000000', 'u0000000');
INSERT INTO f_optdef (opt_code, opt_id, opt_name, opt_method, opt_url, opt_desc, opt_order, is_in_workflow, update_date, create_date, opt_req, creator, updator) VALUES ('1000001', 'UNITMAG', '编辑机构', 'update', '/*', '更新机构', null, 'F', '2016-03-14 14:41:07', null, 'U', 'u0000000', 'u0000000');
INSERT INTO f_optdef (opt_code, opt_id, opt_name, opt_method, opt_url, opt_desc, opt_order, is_in_workflow, update_date, create_date, opt_req, creator, updator) VALUES ('1000002', 'UNITMAG', '删除机构', 'delete', '/*', '更新机构状态', null, 'F', '2016-03-14 14:41:07', null, 'D', 'u0000000', 'u0000000');
INSERT INTO f_optdef (opt_code, opt_id, opt_name, opt_method, opt_url, opt_desc, opt_order, is_in_workflow, update_date, create_date, opt_req, creator, updator) VALUES ('1000007', 'DICTSET', '列举字典', 'list', '/', '查看字典初始页面', null, 'F', '2016-02-18 17:48:19', null, 'R', 'u0000000', 'u0000000');
INSERT INTO f_optdef (opt_code, opt_id, opt_name, opt_method, opt_url, opt_desc, opt_order, is_in_workflow, update_date, create_date, opt_req, creator, updator) VALUES ('1000008', 'DICTSET', '新增字典目录', 'create', '/', '新建字典目录', null, 'F', '2016-02-18 17:48:19', null, 'C', 'u0000000', 'u0000000');
INSERT INTO f_optdef (opt_code, opt_id, opt_name, opt_method, opt_url, opt_desc, opt_order, is_in_workflow, update_date, create_date, opt_req, creator, updator) VALUES ('1000009', 'DICTSET', '删除字典目录', 'delete', '/*', '删除字典目录', null, 'F', '2016-02-18 17:48:19', null, 'D', 'u0000000', 'u0000000');
INSERT INTO f_optdef (opt_code, opt_id, opt_name, opt_method, opt_url, opt_desc, opt_order, is_in_workflow, update_date, create_date, opt_req, creator, updator) VALUES ('1000010', 'DICTSET', '修改字典目录', 'update', '/*', '编辑数据目录', null, 'F', '2016-02-18 17:48:18', null, 'U', 'u0000000', 'u0000000');
INSERT INTO f_optdef (opt_code, opt_id, opt_name, opt_method, opt_url, opt_desc, opt_order, is_in_workflow, update_date, create_date, opt_req, creator, updator) VALUES ('1000020', 'OPTLOG', '查询列表', '', '/dummy', '查询系统日志入口', null, null, null, null, 'R', 'u0000000', 'u0000000');
INSERT INTO f_optdef (opt_code, opt_id, opt_name, opt_method, opt_url, opt_desc, opt_order, is_in_workflow, update_date, create_date, opt_req, creator, updator) VALUES ('1000029', 'USERUNIT', '新增用户机构关联', 'create', '/', '添加用户关联机构', null, null, null, null, 'C', 'u0000000', 'u0000000');
INSERT INTO f_optdef (opt_code, opt_id, opt_name, opt_method, opt_url, opt_desc, opt_order, is_in_workflow, update_date, create_date, opt_req, creator, updator) VALUES ('1000030', 'USERUNIT', '编辑用户机构关联', 'update', '/*', '更新用户机构关联信息', null, null, null, null, 'U', 'u0000000', 'u0000000');
INSERT INTO f_optdef (opt_code, opt_id, opt_name, opt_method, opt_url, opt_desc, opt_order, is_in_workflow, update_date, create_date, opt_req, creator, updator) VALUES ('1000031', 'USERUNIT', '删除用户机构关联', 'delete', '/*', '删除用户关联机构关联', null, null, null, null, 'D', 'u0000000', 'u0000000');
INSERT INTO f_optdef (opt_code, opt_id, opt_name, opt_method, opt_url, opt_desc, opt_order, is_in_workflow, update_date, create_date, opt_req, creator, updator) VALUES ('1000032', 'USERROLE', '新增用户角色关联', null, '/', '添加用户关联角色', null, null, null, null, 'C', 'u0000000', 'u0000000');
INSERT INTO f_optdef (opt_code, opt_id, opt_name, opt_method, opt_url, opt_desc, opt_order, is_in_workflow, update_date, create_date, opt_req, creator, updator) VALUES ('1000033', 'USERROLE', '编辑用户角色关联', null, '/*/*', '更新用户关联角色信息', null, null, null, null, 'U', 'u0000000', 'u0000000');
INSERT INTO f_optdef (opt_code, opt_id, opt_name, opt_method, opt_url, opt_desc, opt_order, is_in_workflow, update_date, create_date, opt_req, creator, updator) VALUES ('1000034', 'USERROLE', '删除用户角色关联', null, '/*/*', '删除用户关联角色', null, null, null, null, 'D', 'u0000000', 'u0000000');
INSERT INTO f_optdef (opt_code, opt_id, opt_name, opt_method, opt_url, opt_desc, opt_order, is_in_workflow, update_date, create_date, opt_req, creator, updator) VALUES ('1000041', 'OPT_LOG_QUERY', '查看日志详情', '', '/dummy', '查看日志入口', null, null, '2015-11-27 11:19:09', null, 'R', 'u0000000', 'u0000000');
INSERT INTO f_optdef (opt_code, opt_id, opt_name, opt_method, opt_url, opt_desc, opt_order, is_in_workflow, update_date, create_date, opt_req, creator, updator) VALUES ('1000042', 'DICTSET_M', '查询数据字典', 'list', '/', '查询数据字典列表', null, null, '2016-01-30 19:53:38', null, 'R', 'u0000000', 'u0000000');
INSERT INTO f_optdef (opt_code, opt_id, opt_name, opt_method, opt_url, opt_desc, opt_order, is_in_workflow, update_date, create_date, opt_req, creator, updator) VALUES ('1000043', 'DICTSET_M', '新增数据字典', 'create', '/', '新增数据目录', null, null, '2016-01-30 19:53:38', null, 'C', 'u0000000', 'u0000000');
INSERT INTO f_optdef (opt_code, opt_id, opt_name, opt_method, opt_url, opt_desc, opt_order, is_in_workflow, update_date, create_date, opt_req, creator, updator) VALUES ('1000044', 'DICTSET_M', '编辑数据字典', 'update', '/*', '编辑数据字典', null, null, '2016-01-30 19:53:38', null, 'U', 'u0000000', 'u0000000');
INSERT INTO f_optdef (opt_code, opt_id, opt_name, opt_method, opt_url, opt_desc, opt_order, is_in_workflow, update_date, create_date, opt_req, creator, updator) VALUES ('1000045', 'DICTSET_M', '删除数据字典', 'delete', '/*', '删除数据目录', null, null, '2016-01-30 19:53:38', null, 'D', 'u0000000', 'u0000000');
INSERT INTO f_optdef (opt_code, opt_id, opt_name, opt_method, opt_url, opt_desc, opt_order, is_in_workflow, update_date, create_date, opt_req, creator, updator) VALUES ('1000059', 'UNITMAG', '查看所有机构', 'list', '/', '查看所有机构', null, null, '2016-03-14 14:41:07', null, 'R', 'u0000000', 'u0000000');
INSERT INTO f_optdef (opt_code, opt_id, opt_name, opt_method, opt_url, opt_desc, opt_order, is_in_workflow, update_date, create_date, opt_req, creator, updator) VALUES ('1000070', 'USERMAG', '用户列表', null, '/', '用户列表', null, null, '2016-02-18 17:46:43', null, 'R', 'u0000000', 'u0000000');
INSERT INTO f_optdef (opt_code, opt_id, opt_name, opt_method, opt_url, opt_desc, opt_order, is_in_workflow, update_date, create_date, opt_req, creator, updator) VALUES ('1000071', 'USERMAG', '创建用户', null, '/', '创建用户', null, null, '2016-02-18 17:46:44', null, 'C', 'u0000000', 'u0000000');
INSERT INTO f_optdef (opt_code, opt_id, opt_name, opt_method, opt_url, opt_desc, opt_order, is_in_workflow, update_date, create_date, opt_req, creator, updator) VALUES ('1000072', 'USERMAG', '更新用户', null, '/*', '更新用户', null, null, '2016-02-18 17:46:44', null, 'U', 'u0000000', 'u0000000');
INSERT INTO f_optdef (opt_code, opt_id, opt_name, opt_method, opt_url, opt_desc, opt_order, is_in_workflow, update_date, create_date, opt_req, creator, updator) VALUES ('1000073', 'USERMAG', '删除用户', null, '/*', '删除用户', null, null, '2016-02-18 17:46:44', null, 'D', 'u0000000', 'u0000000');
INSERT INTO f_optdef (opt_code, opt_id, opt_name, opt_method, opt_url, opt_desc, opt_order, is_in_workflow, update_date, create_date, opt_req, creator, updator) VALUES ('1000080', 'LOGINCAS', 'CAS登录入口', 'logincas', '/logincas', null, null, null, null, null, 'RCU', 'u0000000', 'u0000000');
INSERT INTO f_optdef (opt_code, opt_id, opt_name, opt_method, opt_url, opt_desc, opt_order, is_in_workflow, update_date, create_date, opt_req, creator, updator) VALUES ('1000081', 'LOGINCAS', '获取菜单', 'getMenu', '/menu', null, null, null, null, null, 'R', 'u0000000', 'u0000000');

INSERT INTO f_optdef (opt_code, opt_id, opt_name, opt_method, opt_url, opt_desc, opt_order, is_in_workflow, update_date, create_date, opt_req, creator, updator) VALUES ('120', 'OPTLOG', '删除日志', 'delete', '/*', '删除日志', null, null, null, null, 'D', null, null);
INSERT INTO f_optdef (opt_code, opt_id, opt_name, opt_method, opt_url, opt_desc, opt_order, is_in_workflow, update_date, create_date, opt_req, creator, updator) VALUES ('124', 'OPTINFO', '新增', 'create', '/', '新建菜单（顶级和下级）', null, null, null, null, 'C', null, null);
INSERT INTO f_optdef (opt_code, opt_id, opt_name, opt_method, opt_url, opt_desc, opt_order, is_in_workflow, update_date, create_date, opt_req, creator, updator) VALUES ('125', 'OPTINFO', '删除', 'delete', '/*', '删除菜单', null, null, null, null, 'D', null, null);
INSERT INTO f_optdef (opt_code, opt_id, opt_name, opt_method, opt_url, opt_desc, opt_order, is_in_workflow, update_date, create_date, opt_req, creator, updator) VALUES ('126', 'OPTINFO', '编辑', 'update', '/*', '编辑菜单（包括操作权限）', null, null, null, null, 'U', null, null);
INSERT INTO f_optdef (opt_code, opt_id, opt_name, opt_method, opt_url, opt_desc, opt_order, is_in_workflow, update_date, create_date, opt_req, creator, updator) VALUES ('128', 'DICTSET', '编辑字典明细', 'updateDetail', '/update/*', '编辑字典明细', null, null, null, null, 'U', null, null);
INSERT INTO f_optdef (opt_code, opt_id, opt_name, opt_method, opt_url, opt_desc, opt_order, is_in_workflow, update_date, create_date, opt_req, creator, updator) VALUES ('130', 'DICTSET_M', '编辑字典明细', 'updateDetail', '/update/*', '编辑字典明细', null, null, null, null, 'U', null, null);
INSERT INTO f_optdef (opt_code, opt_id, opt_name, opt_method, opt_url, opt_desc, opt_order, is_in_workflow, update_date, create_date, opt_req, creator, updator) VALUES ('146', 'DEPTUSERINFO', '列表入口', 'list', '/dummy', '查看', null, 'F', '2017-10-26 13:56:11', null, 'R', 'u0000000', 'u0000000');
INSERT INTO f_optdef (opt_code, opt_id, opt_name, opt_method, opt_url, opt_desc, opt_order, is_in_workflow, update_date, create_date, opt_req, creator, updator) VALUES ('150', 'UNITMAG', '新建机构', 'create', '/', '新建机构', null, null, null, null, 'C', null, null);
INSERT INTO f_optdef (opt_code, opt_id, opt_name, opt_method, opt_url, opt_desc, opt_order, is_in_workflow, update_date, create_date, opt_req, creator, updator) VALUES ('154', 'DEPTROLE', '查看', 'list', '/unit/*', '查看某个具体机构的角色', null, 'F', '2017-10-26 13:56:11', null, 'R', 'u0000000', 'u0000000');
INSERT INTO f_optdef (opt_code, opt_id, opt_name, opt_method, opt_url, opt_desc, opt_order, is_in_workflow, update_date, create_date, opt_req, creator, updator) VALUES ('166', 'ROLEMAG', '修改', 'update', '/*', '修改角色包括权限', null, null, null, null, 'U', null, null);
INSERT INTO f_optdef (opt_code, opt_id, opt_name, opt_method, opt_url, opt_desc, opt_order, is_in_workflow, update_date, create_date, opt_req, creator, updator) VALUES ('167', 'ROLEMAG', '删除', 'delete', '/*', '删除角色', null, null, null, null, 'D', null, null);
INSERT INTO f_optdef (opt_code, opt_id, opt_name, opt_method, opt_url, opt_desc, opt_order, is_in_workflow, update_date, create_date, opt_req, creator, updator) VALUES ('168', 'ROLEMAG', '新建', 'create', '/', '创建角色', null, null, null, null, 'C', null, null);
INSERT INTO f_optdef (opt_code, opt_id, opt_name, opt_method, opt_url, opt_desc, opt_order, is_in_workflow, update_date, create_date, opt_req, creator, updator) VALUES ('169', 'USERINFO', '列表入口', '', '/dummy', '列表入口', null, null, null, null, 'R', null, null);
INSERT INTO f_optdef (opt_code, opt_id, opt_name, opt_method, opt_url, opt_desc, opt_order, is_in_workflow, update_date, create_date, opt_req, creator, updator) VALUES ('172', 'UNITINFO', '列表入口', '', '/dummy', '机构维护列表入口', null, null, null, null, 'R', null, null);
INSERT INTO f_optdef (opt_code, opt_id, opt_name, opt_method, opt_url, opt_desc, opt_order, is_in_workflow, update_date, create_date, opt_req, creator, updator) VALUES ('2', 'DEPTMAG', '查看', 'list', '/*', '查看', null, 'F', '2017-10-26 13:56:11', '2017-10-26 13:56:11', 'R', 'u0000000', 'u0000000');
INSERT INTO f_optdef (opt_code, opt_id, opt_name, opt_method, opt_url, opt_desc, opt_order, is_in_workflow, update_date, create_date, opt_req, creator, updator) VALUES ('3', 'DEPTPOW', '查看', 'list', '/*', '查看', null, 'F', '2017-10-26 00:00:00', '2017-10-26 00:00:00', 'R', 'u0000000', 'u0000000');
INSERT INTO f_optdef (opt_code, opt_id, opt_name, opt_method, opt_url, opt_desc, opt_order, is_in_workflow, update_date, create_date, opt_req, creator, updator) VALUES ('7', 'ORGMAG', '查看', 'list', '/*', '查看', null, 'F', '2017-10-26 13:56:11', '2017-10-26 13:56:11', 'R', 'u0000000', 'u0000000');
INSERT INTO f_optdef (opt_code, opt_id, opt_name, opt_method, opt_url, opt_desc, opt_order, is_in_workflow, update_date, create_date, opt_req, creator, updator) VALUES ('8', 'ROLEMAG', '查看', 'list', '/all', '查看', null, 'F', '2017-10-26 13:56:11', '2017-10-26 13:56:11', 'R', 'u0000000', 'u0000000');

-- 用户、角色、权限初始化

-- 初始化角色信息
insert into F_ROLEINFO (ROLE_CODE, ROLE_NAME,ROLE_TYPE, IS_VALID, ROLE_DESC, CREATE_DATE, UPDATE_DATE,CREATOR,UPDATOR)
values ('deploy', '实施人员','G','T', '实施人员角色', to_date('12-12-2014 16:05:46','mm-dd-yyyy'), now(),'u0000000','u0000000');

insert into F_ROLEINFO (ROLE_CODE, ROLE_NAME,ROLE_TYPE, IS_VALID, ROLE_DESC, CREATE_DATE, UPDATE_DATE,CREATOR,UPDATOR)
values ('sysadmin', '系统管理员','G', 'T', '所有系统配置功能', to_date('12-12-2014 16:05:46','mm-dd-yyyy'), now(),'u0000000','u0000000');

insert into F_ROLEINFO (ROLE_CODE, ROLE_NAME,ROLE_TYPE, IS_VALID, ROLE_DESC, CREATE_DATE, UPDATE_DATE,CREATOR,UPDATOR)
values ('anonymous', '匿名角色','F', 'T', '匿名用户角色', to_date('12-12-2014 16:05:46','mm-dd-yyyy'), now(),'u0000000','u0000000');

insert into F_ROLEINFO (ROLE_CODE, ROLE_NAME,ROLE_TYPE, IS_VALID, ROLE_DESC, CREATE_DATE, UPDATE_DATE,CREATOR,UPDATOR)
values ('public', '公共角色','F', 'T', '公共角色权限会默认给不包括匿名用户的所有人', to_date('12-12-2014 16:05:46','mm-dd-yyyy'), now(),'u0000000','u0000000');

insert into F_ROLEINFO (ROLE_CODE, ROLE_NAME,ROLE_TYPE, IS_VALID, ROLE_DESC, CREATE_DATE, UPDATE_DATE,CREATOR,UPDATOR)
values ('forbidden', '禁用的功能','F', 'T', '这个角色不能赋给任何人，这个角色中的操作任何人都不可以调用。', to_date('12-12-2014 16:05:46','mm-dd-yyyy'), now(),'u0000000','u0000000');

insert into F_ROLEPOWER (ROLE_CODE, OPT_CODE, UPDATE_DATE, CREATE_DATE, OPT_SCOPE_CODES,CREATOR,UPDATOR)
values ('public', '1000080', to_date('12-12-2014 16:05:46','mm-dd-yyyy'), to_date('12-12-2014 16:05:46','mm-dd-yyyy'), '','u0000000','u0000000');
insert into F_ROLEPOWER (ROLE_CODE, OPT_CODE, UPDATE_DATE, CREATE_DATE, OPT_SCOPE_CODES,CREATOR,UPDATOR)
values ('public', '1000081', to_date('12-12-2014 16:05:46','mm-dd-yyyy'), to_date('12-12-2014 16:05:46','mm-dd-yyyy'), '','u0000000','u0000000');


insert into F_ROLEPOWER(role_code,opt_code,update_Date,create_date,opt_scope_codes,CREATOR,UPDATOR)
	select 'sysadmin',opt_code,now(),now(),'',CREATOR,UPDATOR from f_optdef ;

insert into F_USERROLE (USER_CODE, ROLE_CODE, OBTAIN_DATE,
			SECEDE_DATE, CHANGE_DESC, UPDATE_DATE, CREATE_DATE,CREATOR,UPDATOR)
values ('u0000000', 'sysadmin', to_date('12-12-2014 16:05:46','mm-dd-yyyy'),
	to_date('12-12-2022 16:05:46','mm-dd-yyyy'),'' ,now(), now(),'u0000000','u0000000');

-- 初始化系统平台租户
INSERT INTO f_tenant_info(top_unit, unit_name, source_url, use_limittime, tenant_fee, creator, create_time, updator, update_time, own_user, is_available, apply_time, pass_time, memo, remarks, database_number_limit, os_number_limit, file_space_limit, data_space_limit, user_number_limit, unit_number_limit) VALUES ('system', '系统平台租户', NULL, NULL, 0, 'u0000000', '2021-09-15 00:00:00', NULL, NULL, 'u0000000', 'T', '2021-09-15 00:00:00', NULL, NULL, NULL, 5, 4, 5, 4, 50, 50);

-- 初始化系统租户机构信息
INSERT INTO f_unitinfo(UNIT_CODE, PARENT_UNIT, UNIT_TYPE, IS_VALID, UNIT_TAG, UNIT_NAME, ENGLISH_NAME, DEP_NO, UNIT_DESC, UNIT_SHORT_NAME, UNIT_WORD, UNIT_GRADE, UNIT_ORDER, UPDATE_DATE, CREATE_DATE, CREATOR, UPDATOR, UNIT_PATH, UNIT_MANAGER, TOP_UNIT, SOCIAL_CREDIT_CODE) VALUES ('system', '0', 'A', 'T', NULL, '系统平台租户', NULL, NULL, NULL, 'system', 'bt000000', NULL, 4, '2022-01-11 16:13:04', '2021-04-16 09:32:13', NULL, NULL, '/system', NULL, 'system', NULL);

-- -- 初始化系统租户人员信息
INSERT INTO f_userunit(USER_UNIT_ID, UNIT_CODE, USER_CODE, IS_PRIMARY, USER_STATION, USER_RANK, RANK_MEMO, USER_ORDER, UPDATE_DATE, CREATE_DATE, CREATOR, UPDATOR, TOP_UNIT, POST_RANK, REL_TYPE) VALUES ('-zzcwTs7S76agcKWr15211', 'system', 'u0000000', 'F', 'ZY', 'CM', NULL, 35, '2021-12-03 14:15:33', '2021-04-01 09:00:54', NULL, 'u0000000', 'system', 'test', 'F');
-- 初始化系统租户人员工作组信息
INSERT INTO work_group(group_id, user_code, role_code, is_valid, auth_time, creator, updator, update_date, user_order, run_token, auth_desc) VALUES ('system', 'u0000000', 'ZHGLY', NULL, '2021-12-20 10:52:51', 'u0000000', 'u0000000', '2021-12-20 10:52:51', NULL, NULL, NULL);


-- 初始化租户管理员角色信息
INSERT INTO f_roleinfo(ROLE_CODE, ROLE_NAME, ROLE_TYPE, UNIT_CODE, IS_VALID, ROLE_DESC, UPDATE_DATE, CREATE_DATE, CREATOR, UPDATOR) VALUES ('tenantadmin', '租户管理员', 'D', 'system', 'T', '', '2022-01-12 09:56:07', '2022-01-11 16:34:08', 'u0000000', NULL);
-- 初始化项目组成员角色
INSERT INTO f_roleinfo(ROLE_CODE, ROLE_NAME, ROLE_TYPE, UNIT_CODE, IS_VALID, ROLE_DESC, UPDATE_DATE, CREATE_DATE, CREATOR, UPDATOR) VALUES ('osmember', '项目组成员', 'D', 'system', 'T', '配置项目组成员权限，可以配置数据字典权限', '2022-01-17 10:49:05', '2022-01-11 16:34:08', 'u0000000', NULL);
-- 初始化平台租户管理员角色
INSERT INTO f_roleinfo(ROLE_CODE, ROLE_NAME, ROLE_TYPE, UNIT_CODE, IS_VALID, ROLE_DESC, UPDATE_DATE, CREATE_DATE, CREATOR, UPDATOR) VALUES ('platadmin', '平台管理员', 'D', 'system', 'T', '', '2022-01-12 09:55:57', '2022-01-11 16:33:56', 'u0000000', NULL);


-- 初始化系统平台应用信息
INSERT INTO f_os_info(OS_ID, OS_NAME, OS_URL, OAUTH_PASSWORD, LAST_MODIFY_DATE, CREATE_TIME, CREATED, OS_HOME_PAGE, OAUTH_USER, REL_OPT_ID, OS_TYPE, TOP_UNIT, PAGE_FLOW, IS_DELETE, PIC_ID, default_database) VALUES ('system', '内置平台(勿删)', NULL, NULL, NULL, NULL, NULL, NULL, NULL, 'system', NULL, 'system', NULL, 'T', NULL, '');
INSERT INTO f_os_info(OS_ID, OS_NAME, OS_URL, OAUTH_PASSWORD, LAST_MODIFY_DATE, CREATE_TIME, CREATED, OS_HOME_PAGE, OAUTH_USER, REL_OPT_ID, OS_TYPE, TOP_UNIT, PAGE_FLOW, IS_DELETE, PIC_ID, default_database) VALUES ('zp_Qn5R5ROSo4sf-eovoWA', '帮助文档(老版)', NULL, NULL, '2021-12-24 10:13:09', '2021-12-24 10:13:09', 'u0000000', NULL, NULL, 'zp_Qn5R5ROSo4sf-eovoWA', 'L', 'system', NULL, 'T', 'ad19301f533b46529bcf3e24ba1319ca', '');

-- 初始化系统租户下字典信息
INSERT INTO f_datacatalog(CATALOG_CODE, CATALOG_NAME, CATALOG_STYLE, CATALOG_TYPE, CATALOG_DESC, FIELD_DESC, UPDATE_DATE, CREATE_DATE, OPT_ID, NEED_CACHE, CREATOR, UPDATOR, TOP_UNIT, OS_ID) VALUES ('system-DT', '机构类别', 'S', 'L', NULL, '{\"dataCode\":{\"isUse\":\"T\",\"value\":\"编码\"},\"dataValue\":{\"isUse\":\"T\",\"value\":\"名称\"},\"dataTag\":{\"isUse\":\"T\",\"value\":\"启用\"},\"dataDesc\":{\"isUse\":\"T\",\"value\":\"描述\"},\"extraCode\":{\"isUse\":\"F\",\"value\":\"扩展编码\"}}', '2021-12-27 14:31:33', NULL, 'public', '1', 'U0MudzXA', NULL, 'system', NULL);
INSERT INTO f_datacatalog(CATALOG_CODE, CATALOG_NAME, CATALOG_STYLE, CATALOG_TYPE, CATALOG_DESC, FIELD_DESC, UPDATE_DATE, CREATE_DATE, OPT_ID, NEED_CACHE, CREATOR, UPDATOR, TOP_UNIT, OS_ID) VALUES ('system-RT', '职位', 'S', 'L', NULL, '{\"dataCode\":{\"isUse\":\"T\",\"value\":\"编码\"},\"dataValue\":{\"isUse\":\"T\",\"value\":\"名称\"},\"dataTag\":{\"isUse\":\"T\",\"value\":\"启用\"},\"dataDesc\":{\"isUse\":\"T\",\"value\":\"描述\"},\"extraCode\":{\"isUse\":\"F\",\"value\":\"扩展编码\"}}', '2021-12-08 17:17:17', NULL, 'public', '1', 'U0MudzXA', NULL, 'system', NULL);
INSERT INTO f_datacatalog(CATALOG_CODE, CATALOG_NAME, CATALOG_STYLE, CATALOG_TYPE, CATALOG_DESC, FIELD_DESC, UPDATE_DATE, CREATE_DATE, OPT_ID, NEED_CACHE, CREATOR, UPDATOR, TOP_UNIT, OS_ID) VALUES ('system-ST', '用户岗位', 'S', 'L', NULL, NULL, '2021-11-16 11:19:27', NULL, 'public', '1', 'U0MudzXA', NULL, 'system', NULL);
INSERT INTO f_datacatalog(CATALOG_CODE, CATALOG_NAME, CATALOG_STYLE, CATALOG_TYPE, CATALOG_DESC, FIELD_DESC, UPDATE_DATE, CREATE_DATE, OPT_ID, NEED_CACHE, CREATOR, UPDATOR, TOP_UNIT, OS_ID) VALUES ('system-UT', '用户类型', 'S', 'L', NULL, NULL, '2021-11-16 11:19:20', NULL, 'public', '1', 'U0MudzXA', NULL, 'system', NULL);

INSERT INTO f_datadictionary(CATALOG_CODE, DATA_CODE, EXTRA_CODE, EXTRA_CODE2, DATA_TAG, DATA_VALUE, DATA_STYLE, DATA_DESC, LAST_MODIFY_DATE, CREATE_DATE, DATA_ORDER) VALUES ('system-DT', 'A', NULL, NULL, 'T', '一般机构', 'U', '', '2021-12-21 09:58:40', NULL, NULL);
INSERT INTO f_datadictionary(CATALOG_CODE, DATA_CODE, EXTRA_CODE, EXTRA_CODE2, DATA_TAG, DATA_VALUE, DATA_STYLE, DATA_DESC, LAST_MODIFY_DATE, CREATE_DATE, DATA_ORDER) VALUES ('system-DT', 'C', NULL, NULL, 'T', '公司（法人）', 'U', NULL, '2021-12-21 09:58:40', NULL, NULL);
INSERT INTO f_datadictionary(CATALOG_CODE, DATA_CODE, EXTRA_CODE, EXTRA_CODE2, DATA_TAG, DATA_VALUE, DATA_STYLE, DATA_DESC, LAST_MODIFY_DATE, CREATE_DATE, DATA_ORDER) VALUES ('system-DT', 'I', NULL, NULL, 'T', '项目组', 'U', '', '2021-12-21 09:58:40', NULL, NULL);
INSERT INTO f_datadictionary(CATALOG_CODE, DATA_CODE, EXTRA_CODE, EXTRA_CODE2, DATA_TAG, DATA_VALUE, DATA_STYLE, DATA_DESC, LAST_MODIFY_DATE, CREATE_DATE, DATA_ORDER) VALUES ('system-DT', 'O', NULL, NULL, 'T', '业务机构', 'U', '', '2021-12-21 09:58:40', NULL, NULL);
INSERT INTO f_datadictionary(CATALOG_CODE, DATA_CODE, EXTRA_CODE, EXTRA_CODE2, DATA_TAG, DATA_VALUE, DATA_STYLE, DATA_DESC, LAST_MODIFY_DATE, CREATE_DATE, DATA_ORDER) VALUES ('system-RT', 'CM', NULL, NULL, 'N', '董事长', 'U', '', '2021-12-08 17:17:17', NULL, NULL);
INSERT INTO f_datadictionary(CATALOG_CODE, DATA_CODE, EXTRA_CODE, EXTRA_CODE2, DATA_TAG, DATA_VALUE, DATA_STYLE, DATA_DESC, LAST_MODIFY_DATE, CREATE_DATE, DATA_ORDER) VALUES ('system-RT', 'DM', NULL, NULL, 'N', '部门经理', 'U', '', '2021-12-08 17:17:17', NULL, NULL);
INSERT INTO f_datadictionary(CATALOG_CODE, DATA_CODE, EXTRA_CODE, EXTRA_CODE2, DATA_TAG, DATA_VALUE, DATA_STYLE, DATA_DESC, LAST_MODIFY_DATE, CREATE_DATE, DATA_ORDER) VALUES ('system-RT', 'FG', NULL, NULL, 'N', '分管高层', 'U', '', '2021-12-08 17:17:17', NULL, NULL);
INSERT INTO f_datadictionary(CATALOG_CODE, DATA_CODE, EXTRA_CODE, EXTRA_CODE2, DATA_TAG, DATA_VALUE, DATA_STYLE, DATA_DESC, LAST_MODIFY_DATE, CREATE_DATE, DATA_ORDER) VALUES ('system-RT', 'GM', NULL, NULL, 'N', '总经理', 'U', '', '2021-12-08 17:17:17', NULL, NULL);
INSERT INTO f_datadictionary(CATALOG_CODE, DATA_CODE, EXTRA_CODE, EXTRA_CODE2, DATA_TAG, DATA_VALUE, DATA_STYLE, DATA_DESC, LAST_MODIFY_DATE, CREATE_DATE, DATA_ORDER) VALUES ('system-RT', 'YG', NULL, NULL, 'N', '普通员工', 'U', '', '2021-12-08 17:17:17', NULL, NULL);
INSERT INTO f_datadictionary(CATALOG_CODE, DATA_CODE, EXTRA_CODE, EXTRA_CODE2, DATA_TAG, DATA_VALUE, DATA_STYLE, DATA_DESC, LAST_MODIFY_DATE, CREATE_DATE, DATA_ORDER) VALUES ('system-ST', 'LD', NULL, NULL, 'N', '领导岗位', 'U', NULL, '2021-11-16 11:19:27', NULL, NULL);
INSERT INTO f_datadictionary(CATALOG_CODE, DATA_CODE, EXTRA_CODE, EXTRA_CODE2, DATA_TAG, DATA_VALUE, DATA_STYLE, DATA_DESC, LAST_MODIFY_DATE, CREATE_DATE, DATA_ORDER) VALUES ('system-ST', 'PT', NULL, NULL, 'N', '普通岗位', 'U', NULL, '2021-11-16 11:19:27', NULL, NULL);
INSERT INTO f_datadictionary(CATALOG_CODE, DATA_CODE, EXTRA_CODE, EXTRA_CODE2, DATA_TAG, DATA_VALUE, DATA_STYLE, DATA_DESC, LAST_MODIFY_DATE, CREATE_DATE, DATA_ORDER) VALUES ('system-ST', 'ZY', NULL, NULL, 'N', '普通岗位', 'U', NULL, '2021-11-16 11:19:27', NULL, NULL);
INSERT INTO f_datadictionary(CATALOG_CODE, DATA_CODE, EXTRA_CODE, EXTRA_CODE2, DATA_TAG, DATA_VALUE, DATA_STYLE, DATA_DESC, LAST_MODIFY_DATE, CREATE_DATE, DATA_ORDER) VALUES ('system-UT', 'U', NULL, NULL, 'N', '普通用户', 'U', NULL, '2021-11-16 11:19:21', NULL, NULL);

-- 初始化platadmin和tenantadmin权限数据
INSERT INTO f_rolepower(ROLE_CODE, OPT_CODE, OPT_SCOPE_CODES, UPDATE_DATE, CREATE_DATE, CREATOR, UPDATOR) VALUES ('platadmin', '1001218', NULL, '2022-01-11 17:43:23', '2022-01-11 17:43:23', NULL, NULL);
INSERT INTO f_rolepower(ROLE_CODE, OPT_CODE, OPT_SCOPE_CODES, UPDATE_DATE, CREATE_DATE, CREATOR, UPDATOR) VALUES ('platadmin', '1001220', NULL, '2022-01-11 17:43:23', '2022-01-11 17:43:23', NULL, NULL);
INSERT INTO f_rolepower(ROLE_CODE, OPT_CODE, OPT_SCOPE_CODES, UPDATE_DATE, CREATE_DATE, CREATOR, UPDATOR) VALUES ('platadmin', '7_ZmW-BlQCiqNcMW62nKDg', NULL, '2022-01-12 09:55:57', '2022-01-12 09:55:57', NULL, NULL);
INSERT INTO f_rolepower(ROLE_CODE, OPT_CODE, OPT_SCOPE_CODES, UPDATE_DATE, CREATE_DATE, CREATOR, UPDATOR) VALUES ('platadmin', '8DapXNm-SH6NL18N5S6kQw', NULL, '2022-01-11 17:43:23', '2022-01-11 17:43:23', NULL, NULL);
INSERT INTO f_rolepower(ROLE_CODE, OPT_CODE, OPT_SCOPE_CODES, UPDATE_DATE, CREATE_DATE, CREATOR, UPDATOR) VALUES ('platadmin', 'bMEJvpq-S-aSYkjte_UsVg', NULL, '2022-01-11 17:43:23', '2022-01-11 17:43:23', NULL, NULL);
INSERT INTO f_rolepower(ROLE_CODE, OPT_CODE, OPT_SCOPE_CODES, UPDATE_DATE, CREATE_DATE, CREATOR, UPDATOR) VALUES ('platadmin', 'h37MMO3vSBmj36RZrtTnUQ', NULL, '2022-01-11 17:43:23', '2022-01-11 17:43:23', NULL, NULL);
INSERT INTO f_rolepower(ROLE_CODE, OPT_CODE, OPT_SCOPE_CODES, UPDATE_DATE, CREATE_DATE, CREATOR, UPDATOR) VALUES ('platadmin', 'Jh5drdqoTXSUjvtyB3arkA', NULL, '2022-01-11 17:43:23', '2022-01-11 17:43:23', NULL, NULL);
INSERT INTO f_rolepower(ROLE_CODE, OPT_CODE, OPT_SCOPE_CODES, UPDATE_DATE, CREATE_DATE, CREATOR, UPDATOR) VALUES ('platadmin', 'lPBZREwnQrKzjiejHcV27A', NULL, '2022-01-11 17:43:23', '2022-01-11 17:43:23', NULL, NULL);
INSERT INTO f_rolepower(ROLE_CODE, OPT_CODE, OPT_SCOPE_CODES, UPDATE_DATE, CREATE_DATE, CREATOR, UPDATOR) VALUES ('platadmin', 'qOyjfN9fQP6-WeR0H10MNg', NULL, '2022-01-11 17:43:23', '2022-01-11 17:43:23', NULL, NULL);
INSERT INTO f_rolepower(ROLE_CODE, OPT_CODE, OPT_SCOPE_CODES, UPDATE_DATE, CREATE_DATE, CREATOR, UPDATOR) VALUES ('platadmin', 'sqypsOZoQt-dQmOxZJUMzw', NULL, '2022-01-12 09:55:57', '2022-01-12 09:55:57', NULL, NULL);
INSERT INTO f_rolepower(ROLE_CODE, OPT_CODE, OPT_SCOPE_CODES, UPDATE_DATE, CREATE_DATE, CREATOR, UPDATOR) VALUES ('platadmin', 'VDiam4xORua4RJSsSMjqnQ', NULL, '2022-01-12 09:55:57', '2022-01-12 09:55:57', NULL, NULL);
INSERT INTO f_rolepower(ROLE_CODE, OPT_CODE, OPT_SCOPE_CODES, UPDATE_DATE, CREATE_DATE, CREATOR, UPDATOR) VALUES ('platadmin', 'XG1IzQBVTcGP_QVDp9b5kA', NULL, '2022-01-11 17:43:23', '2022-01-11 17:43:23', NULL, NULL);

INSERT INTO f_optdef(OPT_CODE, OPT_ID, OPT_NAME, OPT_METHOD, OPT_URL, OPT_DESC, OPT_ORDER, IS_IN_WORKFLOW, UPDATE_DATE, CREATE_DATE, OPT_REQ, CREATOR, UPDATOR, OPT_TYPE, API_ID, SOURCE_ID) VALUES ('1001218', 'DEPTROLE', '新增角色', '新增', '/system/roleinfo/departmentRole', '新增部门角色', NULL, NULL, '2022-02-16 13:27:40', NULL, 'C', NULL, NULL, NULL, NULL, NULL);
INSERT INTO f_optdef(OPT_CODE, OPT_ID, OPT_NAME, OPT_METHOD, OPT_URL, OPT_DESC, OPT_ORDER, IS_IN_WORKFLOW, UPDATE_DATE, CREATE_DATE, OPT_REQ, CREATOR, UPDATOR, OPT_TYPE, API_ID, SOURCE_ID) VALUES ('1001220', 'DEPTROLE', '更新角色', '编辑', '/system/roleinfo/departmentRole/*', '更新部门角色', NULL, NULL, '2022-02-16 13:27:40', NULL, 'U', NULL, NULL, NULL, NULL, NULL);
INSERT INTO f_optdef(OPT_CODE, OPT_ID, OPT_NAME, OPT_METHOD, OPT_URL, OPT_DESC, OPT_ORDER, IS_IN_WORKFLOW, UPDATE_DATE, CREATE_DATE, OPT_REQ, CREATOR, UPDATOR, OPT_TYPE, API_ID, SOURCE_ID) VALUES ('7_ZmW-BlQCiqNcMW62nKDg', 'bP6xkDPZTI6Q0hlDgPNUFg', '新增用户', '', '/system/tenant/addTenantUser', '', NULL, NULL, '2022-02-16 13:26:30', NULL, 'C', NULL, NULL, NULL, NULL, NULL);
INSERT INTO f_optdef(OPT_CODE, OPT_ID, OPT_NAME, OPT_METHOD, OPT_URL, OPT_DESC, OPT_ORDER, IS_IN_WORKFLOW, UPDATE_DATE, CREATE_DATE, OPT_REQ, CREATOR, UPDATOR, OPT_TYPE, API_ID, SOURCE_ID) VALUES ('8DapXNm-SH6NL18N5S6kQw', 'sT45NyXqRh-ulPY9hwRS1Q', '增删改查数据字典', 'search', '/system/dictionary', '系统默认', NULL, NULL, '2022-02-16 13:27:56', NULL, 'CRUD', NULL, NULL, NULL, NULL, NULL);
INSERT INTO f_optdef(OPT_CODE, OPT_ID, OPT_NAME, OPT_METHOD, OPT_URL, OPT_DESC, OPT_ORDER, IS_IN_WORKFLOW, UPDATE_DATE, CREATE_DATE, OPT_REQ, CREATOR, UPDATOR, OPT_TYPE, API_ID, SOURCE_ID) VALUES ('bMEJvpq-S-aSYkjte_UsVg', 'DEPTROLE', '删除角色', 'delete', '/system/roleinfo/*', '', NULL, NULL, '2022-02-16 13:27:40', NULL, 'D', NULL, NULL, NULL, NULL, NULL);
INSERT INTO f_optdef(OPT_CODE, OPT_ID, OPT_NAME, OPT_METHOD, OPT_URL, OPT_DESC, OPT_ORDER, IS_IN_WORKFLOW, UPDATE_DATE, CREATE_DATE, OPT_REQ, CREATOR, UPDATOR, OPT_TYPE, API_ID, SOURCE_ID) VALUES ('h37MMO3vSBmj36RZrtTnUQ', '4RDBGaNQT2y4JSiPaYmBEg', '新增租户管理员', '', '/system/tenant/assignTenantRole', '', NULL, NULL, '2022-02-16 13:22:47', NULL, 'C', NULL, NULL, NULL, NULL, NULL);
INSERT INTO f_optdef(OPT_CODE, OPT_ID, OPT_NAME, OPT_METHOD, OPT_URL, OPT_DESC, OPT_ORDER, IS_IN_WORKFLOW, UPDATE_DATE, CREATE_DATE, OPT_REQ, CREATOR, UPDATOR, OPT_TYPE, API_ID, SOURCE_ID) VALUES ('Jh5drdqoTXSUjvtyB3arkA', 'VIhv16srTv6B1Id8hxlCig', '增删改查日志', 'search', '/system/optlog', '查看（系统默认）', NULL, NULL, '2022-02-16 13:28:25', NULL, 'CRUD', NULL, NULL, NULL, NULL, NULL);
INSERT INTO f_optdef(OPT_CODE, OPT_ID, OPT_NAME, OPT_METHOD, OPT_URL, OPT_DESC, OPT_ORDER, IS_IN_WORKFLOW, UPDATE_DATE, CREATE_DATE, OPT_REQ, CREATOR, UPDATOR, OPT_TYPE, API_ID, SOURCE_ID) VALUES ('lPBZREwnQrKzjiejHcV27A', 'UYa5vaRWSJ2U5mhZ7oRrNQ', '增删改查机构', 'search', '/system/unitinfo', '系统默认', NULL, NULL, '2022-02-16 13:28:12', NULL, 'RCUD', NULL, NULL, NULL, NULL, NULL);
INSERT INTO f_optdef(OPT_CODE, OPT_ID, OPT_NAME, OPT_METHOD, OPT_URL, OPT_DESC, OPT_ORDER, IS_IN_WORKFLOW, UPDATE_DATE, CREATE_DATE, OPT_REQ, CREATOR, UPDATOR, OPT_TYPE, API_ID, SOURCE_ID) VALUES ('qOyjfN9fQP6-WeR0H10MNg', 'XKkF2_nGSiS6GBnHGPGTIQ', '更新租户信息', '', '/system/tenant/updateTenant', '', NULL, NULL, '2022-02-16 13:25:29', NULL, 'U', NULL, NULL, NULL, NULL, NULL);
INSERT INTO f_optdef(OPT_CODE, OPT_ID, OPT_NAME, OPT_METHOD, OPT_URL, OPT_DESC, OPT_ORDER, IS_IN_WORKFLOW, UPDATE_DATE, CREATE_DATE, OPT_REQ, CREATOR, UPDATOR, OPT_TYPE, API_ID, SOURCE_ID) VALUES ('sqypsOZoQt-dQmOxZJUMzw', 'bP6xkDPZTI6Q0hlDgPNUFg', '删除用户', '', '/system/tenant/removeTenantMember', '', NULL, NULL, '2022-02-16 13:26:30', NULL, 'D', NULL, NULL, NULL, NULL, NULL);
INSERT INTO f_optdef(OPT_CODE, OPT_ID, OPT_NAME, OPT_METHOD, OPT_URL, OPT_DESC, OPT_ORDER, IS_IN_WORKFLOW, UPDATE_DATE, CREATE_DATE, OPT_REQ, CREATOR, UPDATOR, OPT_TYPE, API_ID, SOURCE_ID) VALUES ('VDiam4xORua4RJSsSMjqnQ', 'DEPTROLE', '查看角色', '', '/system/roleinfo/currentunit', '', NULL, NULL, '2022-02-16 13:27:40', NULL, 'R', NULL, NULL, NULL, NULL, NULL);
INSERT INTO f_optdef(OPT_CODE, OPT_ID, OPT_NAME, OPT_METHOD, OPT_URL, OPT_DESC, OPT_ORDER, IS_IN_WORKFLOW, UPDATE_DATE, CREATE_DATE, OPT_REQ, CREATOR, UPDATOR, OPT_TYPE, API_ID, SOURCE_ID) VALUES ('XG1IzQBVTcGP_QVDp9b5kA', 'bP6xkDPZTI6Q0hlDgPNUFg', '查改用户', 'search', '/system/userinfo', '系统默认', NULL, NULL, '2022-02-16 13:26:30', NULL, 'RU', NULL, NULL, NULL, NULL, NULL);
INSERT INTO f_optinfo(OPT_ID, OPT_NAME, PRE_OPT_ID, OPT_ROUTE, OPT_URL, FORM_CODE, OPT_TYPE, MSG_NO, MSG_PRM, IS_IN_TOOLBAR, IMG_INDEX, TOP_OPT_ID, ORDER_IND, FLOW_CODE, PAGE_TYPE, ICON, HEIGHT, WIDTH, UPDATE_DATE, CREATE_DATE, CREATOR, UPDATOR, DOC_ID, OS_ID, SOURCE_ID) VALUES ('bP6xkDPZTI6Q0hlDgPNUFg', '用户管理', 'platform', NULL, '', '', 'O', NULL, NULL, 'Y', NULL, 'system', 0, NULL, NULL, '', NULL, NULL, '2022-02-16 13:26:30', NULL, NULL, NULL, NULL, NULL, NULL);
INSERT INTO f_optinfo(OPT_ID, OPT_NAME, PRE_OPT_ID, OPT_ROUTE, OPT_URL, FORM_CODE, OPT_TYPE, MSG_NO, MSG_PRM, IS_IN_TOOLBAR, IMG_INDEX, TOP_OPT_ID, ORDER_IND, FLOW_CODE, PAGE_TYPE, ICON, HEIGHT, WIDTH, UPDATE_DATE, CREATE_DATE, CREATOR, UPDATOR, DOC_ID, OS_ID, SOURCE_ID) VALUES ('sT45NyXqRh-ulPY9hwRS1Q', '数据字典', 'platform', NULL, '', '', 'O', NULL, NULL, 'Y', NULL, 'system', 0, NULL, NULL, '', NULL, NULL, '2022-02-16 13:27:56', NULL, NULL, NULL, NULL, NULL, NULL);
INSERT INTO f_optinfo(OPT_ID, OPT_NAME, PRE_OPT_ID, OPT_ROUTE, OPT_URL, FORM_CODE, OPT_TYPE, MSG_NO, MSG_PRM, IS_IN_TOOLBAR, IMG_INDEX, TOP_OPT_ID, ORDER_IND, FLOW_CODE, PAGE_TYPE, ICON, HEIGHT, WIDTH, UPDATE_DATE, CREATE_DATE, CREATOR, UPDATOR, DOC_ID, OS_ID, SOURCE_ID) VALUES ('XKkF2_nGSiS6GBnHGPGTIQ', '租户管理', 'platform', NULL, '', '', 'O', NULL, NULL, 'Y', NULL, 'system', 0, NULL, NULL, '', NULL, NULL, '2022-02-16 13:25:29', NULL, NULL, NULL, NULL, NULL, NULL);

INSERT INTO f_rolepower(ROLE_CODE, OPT_CODE, OPT_SCOPE_CODES, UPDATE_DATE, CREATE_DATE, CREATOR, UPDATOR) VALUES ('tenantadmin', '1001218', NULL, '2022-01-12 08:40:23', '2022-01-12 08:40:23', NULL, NULL);
INSERT INTO f_rolepower(ROLE_CODE, OPT_CODE, OPT_SCOPE_CODES, UPDATE_DATE, CREATE_DATE, CREATOR, UPDATOR) VALUES ('tenantadmin', '1001220', NULL, '2022-01-12 08:40:23', '2022-01-12 08:40:23', NULL, NULL);
INSERT INTO f_rolepower(ROLE_CODE, OPT_CODE, OPT_SCOPE_CODES, UPDATE_DATE, CREATE_DATE, CREATOR, UPDATOR) VALUES ('tenantadmin', '7_ZmW-BlQCiqNcMW62nKDg', NULL, '2022-01-12 09:56:07', '2022-01-12 09:56:07', NULL, NULL);
INSERT INTO f_rolepower(ROLE_CODE, OPT_CODE, OPT_SCOPE_CODES, UPDATE_DATE, CREATE_DATE, CREATOR, UPDATOR) VALUES ('tenantadmin', '8DapXNm-SH6NL18N5S6kQw', NULL, '2022-01-12 08:40:23', '2022-01-12 08:40:23', NULL, NULL);
INSERT INTO f_rolepower(ROLE_CODE, OPT_CODE, OPT_SCOPE_CODES, UPDATE_DATE, CREATE_DATE, CREATOR, UPDATOR) VALUES ('tenantadmin', 'bMEJvpq-S-aSYkjte_UsVg', NULL, '2022-01-12 08:40:23', '2022-01-12 08:40:23', NULL, NULL);
INSERT INTO f_rolepower(ROLE_CODE, OPT_CODE, OPT_SCOPE_CODES, UPDATE_DATE, CREATE_DATE, CREATOR, UPDATOR) VALUES ('tenantadmin', 'h37MMO3vSBmj36RZrtTnUQ', NULL, '2022-01-12 08:40:23', '2022-01-12 08:40:23', NULL, NULL);
INSERT INTO f_rolepower(ROLE_CODE, OPT_CODE, OPT_SCOPE_CODES, UPDATE_DATE, CREATE_DATE, CREATOR, UPDATOR) VALUES ('tenantadmin', 'Jh5drdqoTXSUjvtyB3arkA', NULL, '2022-01-12 08:40:23', '2022-01-12 08:40:23', NULL, NULL);
INSERT INTO f_rolepower(ROLE_CODE, OPT_CODE, OPT_SCOPE_CODES, UPDATE_DATE, CREATE_DATE, CREATOR, UPDATOR) VALUES ('tenantadmin', 'lPBZREwnQrKzjiejHcV27A', NULL, '2022-01-12 08:40:23', '2022-01-12 08:40:23', NULL, NULL);
INSERT INTO f_rolepower(ROLE_CODE, OPT_CODE, OPT_SCOPE_CODES, UPDATE_DATE, CREATE_DATE, CREATOR, UPDATOR) VALUES ('tenantadmin', 'sqypsOZoQt-dQmOxZJUMzw', NULL, '2022-01-12 09:56:07', '2022-01-12 09:56:07', NULL, NULL);
INSERT INTO f_rolepower(ROLE_CODE, OPT_CODE, OPT_SCOPE_CODES, UPDATE_DATE, CREATE_DATE, CREATOR, UPDATOR) VALUES ('tenantadmin', 'VDiam4xORua4RJSsSMjqnQ', NULL, '2022-01-12 09:56:07', '2022-01-12 09:56:07', NULL, NULL);
INSERT INTO f_rolepower(ROLE_CODE, OPT_CODE, OPT_SCOPE_CODES, UPDATE_DATE, CREATE_DATE, CREATOR, UPDATOR) VALUES ('tenantadmin', 'XG1IzQBVTcGP_QVDp9b5kA', NULL, '2022-01-12 08:40:23', '2022-01-12 08:40:23', NULL, NULL);

-- 初始化
INSERT INTO f_optinfo(OPT_ID, OPT_NAME, PRE_OPT_ID, OPT_ROUTE, OPT_URL, FORM_CODE, OPT_TYPE, MSG_NO, MSG_PRM, IS_IN_TOOLBAR, IMG_INDEX, TOP_OPT_ID, ORDER_IND, FLOW_CODE, PAGE_TYPE, ICON, HEIGHT, WIDTH, UPDATE_DATE, CREATE_DATE, CREATOR, UPDATOR, DOC_ID, OS_ID, SOURCE_ID) VALUES ('DEPTROLE', '角色管理', 'platform', '', '', NULL, 'O', NULL, NULL, 'Y', NULL, 'system', 0, NULL, 'D', 'ios-infinite', NULL, NULL, '2022-02-16 13:27:40', NULL, 'u0000000', 'u0000000', NULL, NULL, NULL);
INSERT INTO f_optinfo(OPT_ID, OPT_NAME, PRE_OPT_ID, OPT_ROUTE, OPT_URL, FORM_CODE, OPT_TYPE, MSG_NO, MSG_PRM, IS_IN_TOOLBAR, IMG_INDEX, TOP_OPT_ID, ORDER_IND, FLOW_CODE, PAGE_TYPE, ICON, HEIGHT, WIDTH, UPDATE_DATE, CREATE_DATE, CREATOR, UPDATOR, DOC_ID, OS_ID, SOURCE_ID) VALUES ('4RDBGaNQT2y4JSiPaYmBEg', '当前租户', 'platform', NULL, '', '', 'O', NULL, NULL, 'Y', NULL, 'system', 0, NULL, NULL, '', NULL, NULL, '2022-02-16 13:22:47', NULL, NULL, NULL, NULL, NULL, NULL);
INSERT INTO f_optinfo(OPT_ID, OPT_NAME, PRE_OPT_ID, OPT_ROUTE, OPT_URL, FORM_CODE, OPT_TYPE, MSG_NO, MSG_PRM, IS_IN_TOOLBAR, IMG_INDEX, TOP_OPT_ID, ORDER_IND, FLOW_CODE, PAGE_TYPE, ICON, HEIGHT, WIDTH, UPDATE_DATE, CREATE_DATE, CREATOR, UPDATOR, DOC_ID, OS_ID, SOURCE_ID) VALUES ('VIhv16srTv6B1Id8hxlCig', '系统日志', 'platform', NULL, '', '', 'O', NULL, NULL, 'Y', NULL, 'system', 0, NULL, NULL, '', NULL, NULL, '2022-02-16 13:28:25', NULL, NULL, NULL, NULL, NULL, NULL);
INSERT INTO f_optinfo(OPT_ID, OPT_NAME, PRE_OPT_ID, OPT_ROUTE, OPT_URL, FORM_CODE, OPT_TYPE, MSG_NO, MSG_PRM, IS_IN_TOOLBAR, IMG_INDEX, TOP_OPT_ID, ORDER_IND, FLOW_CODE, PAGE_TYPE, ICON, HEIGHT, WIDTH, UPDATE_DATE, CREATE_DATE, CREATOR, UPDATOR, DOC_ID, OS_ID, SOURCE_ID) VALUES ('UYa5vaRWSJ2U5mhZ7oRrNQ', '机构维护', 'platform', NULL, '', '', 'O', NULL, NULL, 'Y', NULL, 'system', 0, NULL, NULL, '', NULL, NULL, '2022-02-16 13:28:12', NULL, NULL, NULL, NULL, NULL, NULL);


commit;

